POS,REF_POS_ALT,GENE,DAY,FREQ,DEPTH,QUAL,VARIANT_TYPE,AA_EFFECT,DETECTED_BEFORE_DAY_297
222,C-222-T,orf1ab,297,0.774909,3563,.,upstream_gene,NA,FALSE
335,C-335-T,orf1ab,297,0.776209,1841,.,missense,Arg24Cys,FALSE
2890,G-2890-T,orf1ab,297,0.930364,3906,.,synonymous,Val875Val,FALSE
2890,G-2890-T,orf1ab,333,0.962,2500,.,synonymous,Val875Val,FALSE
4096,T-4096-C,orf1ab,297,0.928972,1605,.,synonymous,Thr1277Thr,FALSE
4096,T-4096-C,orf1ab,333,0.957437,2185,.,synonymous,Thr1277Thr,FALSE
4379,T-4379-G,orf1ab,297,0.929474,1900,.,missense,Ser1372Ala,FALSE
4379,T-4379-G,orf1ab,333,0.957483,3575,.,missense,Ser1372Ala,FALSE
4379,T-4379-G,orf1ab,388,0.999826,22924,.,missense,Ser1372Ala,FALSE
4379,T-4379-G,orf1ab,415,0.999878,8168,.,missense,Ser1372Ala,FALSE
4379,T-4379-G,orf1ab,417,0.999457,7371,.,missense,Ser1372Ala,FALSE
4379,T-4379-G,orf1ab,482,1,7348,.,missense,Ser1372Ala,FALSE
7317,T-7317-C,orf1ab,297,0.895476,641,.,missense,Phe2351Ser,FALSE
7317,T-7317-C,orf1ab,333,0.955621,676,.,missense,Phe2351Ser,FALSE
12569,G-12569-A,orf1ab,159,0.257659,63165,.,missense,Val4102Ile,TRUE
12569,G-12569-A,orf1ab,297,0.914856,7822,.,missense,Val4102Ile,TRUE
12569,G-12569-A,orf1ab,333,0.950568,4754,.,missense,Val4102Ile,TRUE
12569,G-12569-A,orf1ab,388,0.998356,147178,.,missense,Val4102Ile,TRUE
12569,G-12569-A,orf1ab,415,0.99968,62528,.,missense,Val4102Ile,TRUE
12569,G-12569-A,orf1ab,417,0.999868,53109,.,missense,Val4102Ile,TRUE
12569,G-12569-A,orf1ab,482,0.99972,64270,.,missense,Val4102Ile,TRUE
12569,G-12569-A,orf1ab,486,1,58,.,missense,Val4102Ile,TRUE
15814,G-15814-A,orf1ab,297,0.913315,6714,.,missense,Met5183Ile,FALSE
15814,G-15814-A,orf1ab,333,0.942682,2617,.,missense,Met5183Ile,FALSE
16917,G-16917-T,orf1ab,297,0.925651,12374,.,stop_lost,Ter5551Leuext*?,FALSE
16917,G-16917-T,orf1ab,333,0.959576,7743,.,stop_lost,Ter5551Leuext*?,FALSE
17940,A-17940-T,orf1ab,297,0.923729,1888,.,missense,Gln5892Leu,FALSE
17940,A-17940-T,orf1ab,333,0.961187,438,.,missense,Gln5892Leu,FALSE
18555,C-18555-T,orf1ab,297,0.909204,20144,.,missense,Thr6097Ile,FALSE
18555,C-18555-T,orf1ab,333,0.95766,2598,.,missense,Thr6097Ile,FALSE
19610,C-19610-T,orf1ab,297,0.913869,1370,.,stop_gained,Gln6449*,FALSE
19610,C-19610-T,orf1ab,333,0.911321,1060,.,stop_gained,Gln6449*,FALSE
19656,G-19656-T,orf1ab,297,0.923389,2715,.,missense,Arg6464Met,FALSE
19656,G-19656-T,orf1ab,333,0.943842,1567,.,missense,Arg6464Met,FALSE
20952,A-20952-G,orf1ab,297,0.768828,2868,.,missense,Gln6896Arg,FALSE
21013,C-21013-T,orf1ab,297,0.907922,2878,.,synonymous,Tyr6916Tyr,FALSE
21013,C-21013-T,orf1ab,333,0.936364,3190,.,synonymous,Tyr6916Tyr,FALSE
21618,C-21618-T,S,297,0.958926,4358,.,missense,Thr19Ile,FALSE
21618,C-21618-T,S,333,0.958723,1284,.,missense,Thr19Ile,FALSE
22205,G-22205-C,S,297,0.912353,7804,.,missense,As15His,FALSE
22205,G-22205-C,S,388,0.999758,248360,.,missense,As15His,FALSE
22205,G-22205-C,S,415,0.999781,73110,.,missense,As15His,FALSE
22205,G-22205-C,S,417,0.999609,51146,.,missense,As15His,FALSE
22205,G-22205-C,S,482,0.999673,73468,.,missense,As15His,FALSE
22205,G-22205-C,S,486,1,127,.,missense,As15His,FALSE
23012,GA-23012-AC,S,297,0.913755,2748,.,missense,Glu484Thr,FALSE
23012,GA-23012-AC,S,333,0.955414,314,.,missense,Glu484Thr,FALSE
23991,C-23991-T,S,297,0.772557,3746,.,missense,Ser810Leu,FALSE
27323,C-27323-T,ORF6,297,0.737805,2624,.,missense,Ser41Phe,FALSE
27513,C-27513-T,ORF7a,297,0.906417,2244,.,synonymous,Tyr40Tyr,FALSE
27513,C-27513-T,ORF7a,333,0.957258,1240,.,synonymous,Tyr40Tyr,FALSE
27513,C-27513-T,ORF7a,388,0.999595,96358,.,synonymous,Tyr40Tyr,FALSE
27513,C-27513-T,ORF7a,415,0.999164,15553,.,synonymous,Tyr40Tyr,FALSE
27513,C-27513-T,ORF7a,417,0.999611,15422,.,synonymous,Tyr40Tyr,FALSE
27513,C-27513-T,ORF7a,482,0.999486,17525,.,synonymous,Tyr40Tyr,FALSE
27513,C-27513-T,ORF7a,486,1,57,.,synonymous,Tyr40Tyr,FALSE
27552,A-27552-G,ORF7a,297,0.935275,618,.,synonymous,Lys53Lys,FALSE
27552,A-27552-G,ORF7a,333,0.954604,1542,.,synonymous,Lys53Lys,FALSE
28565,G-28565-A,N,297,0.905168,8204,.,missense,As8Asn,FALSE
28565,G-28565-A,N,333,0.955113,3364,.,missense,As8Asn,FALSE
29421,C-29421-T,N,297,0.90445,4270,.,missense,Pro383Leu,FALSE
29421,C-29421-T,N,333,0.94281,3025,.,missense,Pro383Leu,FALSE
29769,C-29769-T,S,297,0.775092,1903,.,downstream_gene,NA,FALSE
