POS,REF_POS_ALT,GENE,VARIANT_TYPE,AA_EFFECT,NO_OF_DETECTIONS,DAYS_OF_DETECTION,DETECTED_BEFORE_DAY_297
222,C-222-T,orf1ab,upstream_gene,NA,1,297,FALSE
335,C-335-T,orf1ab,missense,Arg24Cys,1,297,FALSE
2890,G-2890-T,orf1ab,synonymous,Val875Val,2,297;333,FALSE
4096,T-4096-C,orf1ab,synonymous,Thr1277Thr,2,297;333,FALSE
4379,T-4379-G,orf1ab,missense,Ser1372Ala,6,297;333;388;415;417;482,FALSE
7317,T-7317-C,orf1ab,missense,Phe2351Ser,2,297;333,FALSE
12569,G-12569-A,orf1ab,missense,Val4102Ile,8,159;297;333;388;415;417;482;486,TRUE
15814,G-15814-A,orf1ab,missense,Met5183Ile,2,297;333,FALSE
16917,G-16917-T,orf1ab,stop_lost,Ter5551Leuext*?,2,297;333,FALSE
17940,A-17940-T,orf1ab,missense,Gln5892Leu,2,297;333,FALSE
18555,C-18555-T,orf1ab,missense,Thr6097Ile,2,297;333,FALSE
19610,C-19610-T,orf1ab,stop_gained,Gln6449*,2,297;333,FALSE
19656,G-19656-T,orf1ab,missense,Arg6464Met,2,297;333,FALSE
20952,A-20952-G,orf1ab,missense,Gln6896Arg,1,297,FALSE
21013,C-21013-T,orf1ab,synonymous,Tyr6916Tyr,2,297;333,FALSE
21618,C-21618-T,S,missense,Thr19Ile,2,297;333,FALSE
22205,G-22205-C,S,missense,As15His,6,297;388;415;417;482;486,FALSE
23012,GA-23012-AC,S,missense,Glu484Thr,2,297;333,FALSE
23991,C-23991-T,S,missense,Ser810Leu,1,297,FALSE
27323,C-27323-T,ORF6,missense,Ser41Phe,1,297,FALSE
27513,C-27513-T,ORF7a,synonymous,Tyr40Tyr,7,297;333;388;415;417;482;486,FALSE
27552,A-27552-G,ORF7a,synonymous,Lys53Lys,2,297;333,FALSE
28565,G-28565-A,N,missense,As8Asn,2,297;333,FALSE
29421,C-29421-T,N,missense,Pro383Leu,2,297;333,FALSE
29769,C-29769-T,S,downstream_gene,NA,1,297,FALSE
